experiment_name,model,representation,clustering_algo,split,silhouette,calinski_harabasz,davies_bouldin,n_clusters,n_noise,ari,nmi,purity,latent_dim
baseline_pca_kmeans,PCA+KMeans,mfcc_pca,kmeans,test,0.1567679494619369,39.89884185791016,1.7925519728484942,10,0,0.2951190715197054,0.5175799785667954,0.5016501650165016,
baseline_direct_kmeans,DirectKMeans,mfcc_raw,kmeans,test,0.1567679047584533,39.898826599121094,1.7925522935274807,10,0,0.2951190715197054,0.5175799785667954,0.5016501650165016,
baseline_ae_kmeans,AE+KMeans,ae_latent,kmeans,test,0.2075382322072982,60.26459503173828,1.4948750055275069,10,0,0.2717332396333271,0.4941073329369909,0.4884488448844885,16.0
baseline_spectral,SpectralClustering,mfcc_raw,spectral,test,0.1312552541494369,36.220916748046875,1.8258998701533131,10,0,0.3121462051868485,0.5403543321040434,0.5742574257425742,
baseline_pca_kmeans,PCA+KMeans,mfcc_pca,kmeans,test,0.1567679494619369,39.89884185791016,1.7925519728484942,10,0,0.2951190715197054,0.5175799785667954,0.5016501650165016,
baseline_direct_kmeans,DirectKMeans,mfcc_raw,kmeans,test,0.1567679047584533,39.898826599121094,1.7925522935274807,10,0,0.2951190715197054,0.5175799785667954,0.5016501650165016,
baseline_ae_kmeans,AE+KMeans,ae_latent,kmeans,test,0.2075382322072982,60.26459503173828,1.4948750055275069,10,0,0.2717332396333271,0.4941073329369909,0.4884488448844885,16.0
baseline_spectral,SpectralClustering,mfcc_raw,spectral,test,0.1312552541494369,36.220916748046875,1.8258998701533131,10,0,0.3121462051868485,0.5403543321040434,0.5742574257425742,
vae_mlp_kmeans,MLP-VAE,vae_latent,kmeans,test,0.2589367628097534,82.22164154052734,1.3577582371745107,10,0,0.38634047143682315,0.5830815944447856,0.6072607260726073,16.0
